identifier,healthcareOrganizationName,address,contactPoint
06d2ed7c-e6ac-4d8a-8160-ff927c7550f2,Ibarra PLC Zorg,7d859725-c707-4ef9-86c3-744cc88e03b6,ef151673-a1df-4da7-9d44-c93e7799a8e2
4a863655-0a9d-499c-a269-8c2d614f1ddc,"Berg, Long and Middleton Tervisekeskus",6bc9e970-c48a-4374-86dc-1579647640a1,29502326-7644-4183-9aab-d22d75ef8aab
037d9752-48f3-431c-8fb7-c3bb4408c04c,"Jordan, Jackson and Kramer Zorg",6756264d-c864-4f78-beaf-167952b04994,57627626-2037-4089-b11f-a10a0b2975c6
5d393bf9-b2da-41f6-8c16-014a2e4a6e78,Perez-Becker Gesundheitszentrum,568d6f3e-f4b4-45aa-adfd-a2912fdb5c0d,fae3fcee-7636-4fd9-8376-ffa876fe579f
c058a332-b4cf-4fa8-ac98-f73d27fe1b4b,"Griffin, Ross and Saunders Zorg",27649a62-b02d-452c-9b05-0db28ee4fd02,74151acc-f5a3-4893-bf7a-27482cbb93c2
3e332f35-086c-4768-b0fe-3cfc991ab513,Novak PLC Tervisekeskus,99755cb9-7c76-4592-a73e-3f3b5c27761d,eec9fa67-4cc6-42fc-b006-ff85166a1a98
92d6ff73-5b3a-4595-8458-92c14e0e15d3,"Delgado, Guerrero and Simpson Zorg",3856be31-f568-49c6-833c-14694f06ea18,b4480761-505e-4c9b-8bc8-8bcf7b1d4049
9db3466d-1ba6-4c61-aaf9-4919e69b7971,"Parker, Murphy and Brooks Gesundheitszentrum",1095e497-3d79-4f0b-a6cd-3595d4f0d65d,23254d81-2bdf-4727-9501-e917496dc27b
30d6863f-11c2-42d8-8126-77895c6be596,Kim-Todd Gesundheitszentrum,4598244b-f0bd-4405-a50d-d400a27ee80d,4e98ce25-1733-4a7c-93e8-36639c14940d
71a8c9c6-0f6a-475b-b55b-2e5ca6ed0ac0,Figueroa-Strong Zorg,8b279c29-a274-40d7-b4a5-cc36692a7bce,9177b6d4-5f2e-4167-b13e-ceb14ad12b4c
52ebdac5-a145-4899-a1f8-c1569e0df45b,Allen Ltd Zorg,ef7e85ec-a417-456f-a9ee-7f3d0ff030b8,0932f5b6-f11d-4ff7-8e37-05265582a3bd
8b5885ca-0bb2-43f0-bd30-291a55fea08e,"Mcneil, Gonzalez and Howard Tervisekeskus",19d5f970-98b3-4c6e-8a14-b90a7795e986,eb21a3f6-e6fd-48e8-969c-91c278601602
c7405255-25cf-41c4-9c89-929692b035e0,Burch LLC Zorg,541d1a81-4815-442c-a2bb-62833d83ad7c,7680891b-6bb6-404e-a0db-22d329e316ad
27d99a23-e4f7-425e-afe6-790abc18a40b,Peck LLC Zorg,bb0378eb-7a62-422e-9d69-d9fc4b1cb8bd,122411e6-ba89-42dd-85e6-9ea9db66bfda
a59cec98-126c-4c8f-b888-447911ebcd49,"Robinson, Montoya and Walters Gesundheitszentrum",daf66c5f-2577-4ffa-887a-746319c16a0d,12f175ff-ae3b-46ec-9a27-d85888c132ad
